org_location,suffix_array,first,BWT,$,A,C,G,T,k-seed,k-seed-extend
48, - FPGA acceleration in genomics\2020-21 MainResearch\Seed_generation\rapid-SMEM\Rapid-SMEM\gnb_seed_generation_2\code_profiling\5000bp_ref.txt$C:\Users\tonyr\OneDrive - Ulster University\Phd, ,d,0,0,0,0,0, - FPGA acceleration in geno,mics\2020-21 MainResearch\Se
24, - Ulster University\Phd - FPGA acceleration in genomics\2020-21 MainResearch\Seed_generation\rapid-SMEM\Rapid-SMEM\gnb_seed_generation_2\code_profiling\5000bp_ref.txt$C:\Users\tonyr\OneDrive, ,e,0,0,0,0,0, - Ulster University\Phd - F,PGA acceleration in genomics
50, FPGA acceleration in genomics\2020-21 MainResearch\Seed_generation\rapid-SMEM\Rapid-SMEM\gnb_seed_generation_2\code_profiling\5000bp_ref.txt$C:\Users\tonyr\OneDrive - Ulster University\Phd -, ,-,0,0,0,0,0, FPGA acceleration in genomi,cs\2020-21 MainResearch\Seed
88, MainResearch\Seed_generation\rapid-SMEM\Rapid-SMEM\gnb_seed_generation_2\code_profiling\5000bp_ref.txt$C:\Users\tonyr\OneDrive - Ulster University\Phd - FPGA acceleration in genomics\2020-21, ,1,0,0,0,0,0, MainResearch\Seed_generatio,n\rapid-SMEM\Rapid-SMEM\gnb_
26, Ulster University\Phd - FPGA acceleration in genomics\2020-21 MainResearch\Seed_generation\rapid-SMEM\Rapid-SMEM\gnb_seed_generation_2\code_profiling\5000bp_ref.txt$C:\Users\tonyr\OneDrive -, ,-,0,0,0,0,0, Ulster University\Phd - FPG,A acceleration in genomics\2
33, University\Phd - FPGA acceleration in genomics\2020-21 MainResearch\Seed_generation\rapid-SMEM\Rapid-SMEM\gnb_seed_generation_2\code_profiling\5000bp_ref.txt$C:\Users\tonyr\OneDrive - Ulster, ,r,0,0,0,0,0, University\Phd - FPGA accel,eration in genomics\2020-21 
55, acceleration in genomics\2020-21 MainResearch\Seed_generation\rapid-SMEM\Rapid-SMEM\gnb_seed_generation_2\code_profiling\5000bp_ref.txt$C:\Users\tonyr\OneDrive - Ulster University\Phd - FPGA, ,A,0,1,0,0,0, acceleration in genomics\20,20-21 MainResearch\Seed_gene
71, genomics\2020-21 MainResearch\Seed_generation\rapid-SMEM\Rapid-SMEM\gnb_seed_generation_2\code_profiling\5000bp_ref.txt$C:\Users\tonyr\OneDrive - Ulster University\Phd - FPGA acceleration in, ,n,0,1,0,0,0, genomics\2020-21 MainResear,ch\Seed_generation\rapid-SME
68, in genomics\2020-21 MainResearch\Seed_generation\rapid-SMEM\Rapid-SMEM\gnb_seed_generation_2\code_profiling\5000bp_ref.txt$C:\Users\tonyr\OneDrive - Ulster University\Phd - FPGA acceleration, ,n,0,1,0,0,0, in genomics\2020-21 MainRes,earch\Seed_generation\rapid-
0,$C:\Users\tonyr\OneDrive - Ulster University\Phd - FPGA acceleration in genomics\2020-21 MainResearch\Seed_generation\rapid-SMEM\Rapid-SMEM\gnb_seed_generation_2\code_profiling\5000bp_ref.txt,$,t,0,1,0,0,0,$C:\Users\tonyr\OneDrive - U,lster University\Phd - FPGA 
49,- FPGA acceleration in genomics\2020-21 MainResearch\Seed_generation\rapid-SMEM\Rapid-SMEM\gnb_seed_generation_2\code_profiling\5000bp_ref.txt$C:\Users\tonyr\OneDrive - Ulster University\Phd ,-, ,0,1,0,0,0,- FPGA acceleration in genom,ics\2020-21 MainResearch\See
25,- Ulster University\Phd - FPGA acceleration in genomics\2020-21 MainResearch\Seed_generation\rapid-SMEM\Rapid-SMEM\gnb_seed_generation_2\code_profiling\5000bp_ref.txt$C:\Users\tonyr\OneDrive ,-, ,0,1,0,0,0,- Ulster University\Phd - FP,GA acceleration in genomics\
85,-21 MainResearch\Seed_generation\rapid-SMEM\Rapid-SMEM\gnb_seed_generation_2\code_profiling\5000bp_ref.txt$C:\Users\tonyr\OneDrive - Ulster University\Phd - FPGA acceleration in genomics\2020,-,0,0,1,0,0,0,-21 MainResearch\Seed_genera,tion\rapid-SMEM\Rapid-SMEM\g
123,-SMEM\Rapid-SMEM\gnb_seed_generation_2\code_profiling\5000bp_ref.txt$C:\Users\tonyr\OneDrive - Ulster University\Phd - FPGA acceleration in genomics\2020-21 MainResearch\Seed_generation\rapid,-,d,0,1,0,0,0,-SMEM\Rapid-SMEM\gnb_seed_ge,neration_2\code_profiling\50
134,-SMEM\gnb_seed_generation_2\code_profiling\5000bp_ref.txt$C:\Users\tonyr\OneDrive - Ulster University\Phd - FPGA acceleration in genomics\2020-21 MainResearch\Seed_generation\rapid-SMEM\Rapid,-,d,0,1,0,0,0,-SMEM\gnb_seed_generation_2\,code_profiling\5000bp_ref.tx
187,.txt$C:\Users\tonyr\OneDrive - Ulster University\Phd - FPGA acceleration in genomics\2020-21 MainResearch\Seed_generation\rapid-SMEM\Rapid-SMEM\gnb_seed_generation_2\code_profiling\5000bp_ref,.,f,0,1,0,0,0,.txt$C:\Users\tonyr\OneDrive, - Ulster University\Phd - F
84,0-21 MainResearch\Seed_generation\rapid-SMEM\Rapid-SMEM\gnb_seed_generation_2\code_profiling\5000bp_ref.txt$C:\Users\tonyr\OneDrive - Ulster University\Phd - FPGA acceleration in genomics\202,0,2,0,1,0,0,0,0-21 MainResearch\Seed_gener,ation\rapid-SMEM\Rapid-SMEM\
178,000bp_ref.txt$C:\Users\tonyr\OneDrive - Ulster University\Phd - FPGA acceleration in genomics\2020-21 MainResearch\Seed_generation\rapid-SMEM\Rapid-SMEM\gnb_seed_generation_2\code_profiling\5,0,5,0,1,0,0,0,000bp_ref.txt$C:\Users\tonyr,\OneDrive - Ulster Universit
179,00bp_ref.txt$C:\Users\tonyr\OneDrive - Ulster University\Phd - FPGA acceleration in genomics\2020-21 MainResearch\Seed_generation\rapid-SMEM\Rapid-SMEM\gnb_seed_generation_2\code_profiling\50,0,0,0,1,0,0,0,00bp_ref.txt$C:\Users\tonyr\,OneDrive - Ulster University
82,020-21 MainResearch\Seed_generation\rapid-SMEM\Rapid-SMEM\gnb_seed_generation_2\code_profiling\5000bp_ref.txt$C:\Users\tonyr\OneDrive - Ulster University\Phd - FPGA acceleration in genomics\2,0,2,0,1,0,0,0,020-21 MainResearch\Seed_gen,eration\rapid-SMEM\Rapid-SME
180,0bp_ref.txt$C:\Users\tonyr\OneDrive - Ulster University\Phd - FPGA acceleration in genomics\2020-21 MainResearch\Seed_generation\rapid-SMEM\Rapid-SMEM\gnb_seed_generation_2\code_profiling\500,0,0,0,1,0,0,0,0bp_ref.txt$C:\Users\tonyr\O,neDrive - Ulster University\
87,1 MainResearch\Seed_generation\rapid-SMEM\Rapid-SMEM\gnb_seed_generation_2\code_profiling\5000bp_ref.txt$C:\Users\tonyr\OneDrive - Ulster University\Phd - FPGA acceleration in genomics\2020-2,1,2,0,1,0,0,0,1 MainResearch\Seed_generati,on\rapid-SMEM\Rapid-SMEM\gnb
83,20-21 MainResearch\Seed_generation\rapid-SMEM\Rapid-SMEM\gnb_seed_generation_2\code_profiling\5000bp_ref.txt$C:\Users\tonyr\OneDrive - Ulster University\Phd - FPGA acceleration in genomics\20,2,0,0,1,0,0,0,20-21 MainResearch\Seed_gene,ration\rapid-SMEM\Rapid-SMEM
81,2020-21 MainResearch\Seed_generation\rapid-SMEM\Rapid-SMEM\gnb_seed_generation_2\code_profiling\5000bp_ref.txt$C:\Users\tonyr\OneDrive - Ulster University\Phd - FPGA acceleration in genomics\,2,\,0,1,0,0,0,2020-21 MainResearch\Seed_ge,neration\rapid-SMEM\Rapid-SM
86,21 MainResearch\Seed_generation\rapid-SMEM\Rapid-SMEM\gnb_seed_generation_2\code_profiling\5000bp_ref.txt$C:\Users\tonyr\OneDrive - Ulster University\Phd - FPGA acceleration in genomics\2020-,2,-,0,1,0,0,0,21 MainResearch\Seed_generat,ion\rapid-SMEM\Rapid-SMEM\gn
160,2\code_profiling\5000bp_ref.txt$C:\Users\tonyr\OneDrive - Ulster University\Phd - FPGA acceleration in genomics\2020-21 MainResearch\Seed_generation\rapid-SMEM\Rapid-SMEM\gnb_seed_generation_,2,_,0,1,0,0,0,2\code_profiling\5000bp_ref.,txt$C:\Users\tonyr\OneDrive 
177,5000bp_ref.txt$C:\Users\tonyr\OneDrive - Ulster University\Phd - FPGA acceleration in genomics\2020-21 MainResearch\Seed_generation\rapid-SMEM\Rapid-SMEM\gnb_seed_generation_2\code_profiling\,5,\,0,1,0,0,0,5000bp_ref.txt$C:\Users\tony,r\OneDrive - Ulster Universi
2,:\Users\tonyr\OneDrive - Ulster University\Phd - FPGA acceleration in genomics\2020-21 MainResearch\Seed_generation\rapid-SMEM\Rapid-SMEM\gnb_seed_generation_2\code_profiling\5000bp_ref.txt$C,:,C,0,1,1,0,0,:\Users\tonyr\OneDrive - Uls,ter University\Phd - FPGA ac
54,A acceleration in genomics\2020-21 MainResearch\Seed_generation\rapid-SMEM\Rapid-SMEM\gnb_seed_generation_2\code_profiling\5000bp_ref.txt$C:\Users\tonyr\OneDrive - Ulster University\Phd - FPG,A,G,0,1,1,1,0,A acceleration in genomics\2,020-21 MainResearch\Seed_gen
1,C:\Users\tonyr\OneDrive - Ulster University\Phd - FPGA acceleration in genomics\2020-21 MainResearch\Seed_generation\rapid-SMEM\Rapid-SMEM\gnb_seed_generation_2\code_profiling\5000bp_ref.txt$,C,$,1,1,1,1,0,C:\Users\tonyr\OneDrive - Ul,ster University\Phd - FPGA a
19,Drive - Ulster University\Phd - FPGA acceleration in genomics\2020-21 MainResearch\Seed_generation\rapid-SMEM\Rapid-SMEM\gnb_seed_generation_2\code_profiling\5000bp_ref.txt$C:\Users\tonyr\One,D,e,1,1,1,1,0,Drive - Ulster University\Ph,d - FPGA acceleration in gen
126,EM\Rapid-SMEM\gnb_seed_generation_2\code_profiling\5000bp_ref.txt$C:\Users\tonyr\OneDrive - Ulster University\Phd - FPGA acceleration in genomics\2020-21 MainResearch\Seed_generation\rapid-SM,E,M,1,1,1,1,0,EM\Rapid-SMEM\gnb_seed_gener,ation_2\code_profiling\5000b
137,EM\gnb_seed_generation_2\code_profiling\5000bp_ref.txt$C:\Users\tonyr\OneDrive - Ulster University\Phd - FPGA acceleration in genomics\2020-21 MainResearch\Seed_generation\rapid-SMEM\Rapid-SM,E,M,1,1,1,1,0,EM\gnb_seed_generation_2\cod,e_profiling\5000bp_ref.txt$C
51,FPGA acceleration in genomics\2020-21 MainResearch\Seed_generation\rapid-SMEM\Rapid-SMEM\gnb_seed_generation_2\code_profiling\5000bp_ref.txt$C:\Users\tonyr\OneDrive - Ulster University\Phd - ,F, ,1,1,1,1,0,FPGA acceleration in genomic,s\2020-21 MainResearch\Seed_
53,GA acceleration in genomics\2020-21 MainResearch\Seed_generation\rapid-SMEM\Rapid-SMEM\gnb_seed_generation_2\code_profiling\5000bp_ref.txt$C:\Users\tonyr\OneDrive - Ulster University\Phd - FP,G,P,1,1,1,1,0,GA acceleration in genomics\,2020-21 MainResearch\Seed_ge
125,MEM\Rapid-SMEM\gnb_seed_generation_2\code_profiling\5000bp_ref.txt$C:\Users\tonyr\OneDrive - Ulster University\Phd - FPGA acceleration in genomics\2020-21 MainResearch\Seed_generation\rapid-S,M,S,1,1,1,1,0,MEM\Rapid-SMEM\gnb_seed_gene,ration_2\code_profiling\5000
136,MEM\gnb_seed_generation_2\code_profiling\5000bp_ref.txt$C:\Users\tonyr\OneDrive - Ulster University\Phd - FPGA acceleration in genomics\2020-21 MainResearch\Seed_generation\rapid-SMEM\Rapid-S,M,S,1,1,1,1,0,MEM\gnb_seed_generation_2\co,de_profiling\5000bp_ref.txt$
127,M\Rapid-SMEM\gnb_seed_generation_2\code_profiling\5000bp_ref.txt$C:\Users\tonyr\OneDrive - Ulster University\Phd - FPGA acceleration in genomics\2020-21 MainResearch\Seed_generation\rapid-SME,M,E,1,1,1,1,0,M\Rapid-SMEM\gnb_seed_genera,tion_2\code_profiling\5000bp
138,M\gnb_seed_generation_2\code_profiling\5000bp_ref.txt$C:\Users\tonyr\OneDrive - Ulster University\Phd - FPGA acceleration in genomics\2020-21 MainResearch\Seed_generation\rapid-SMEM\Rapid-SME,M,E,1,1,1,1,0,M\gnb_seed_generation_2\code,_profiling\5000bp_ref.txt$C:
89,MainResearch\Seed_generation\rapid-SMEM\Rapid-SMEM\gnb_seed_generation_2\code_profiling\5000bp_ref.txt$C:\Users\tonyr\OneDrive - Ulster University\Phd - FPGA acceleration in genomics\2020-21 ,M, ,1,1,1,1,0,MainResearch\Seed_generation,\rapid-SMEM\Rapid-SMEM\gnb_s
16,OneDrive - Ulster University\Phd - FPGA acceleration in genomics\2020-21 MainResearch\Seed_generation\rapid-SMEM\Rapid-SMEM\gnb_seed_generation_2\code_profiling\5000bp_ref.txt$C:\Users\tonyr\,O,\,1,1,1,1,0,OneDrive - Ulster University,\Phd - FPGA acceleration in 
52,PGA acceleration in genomics\2020-21 MainResearch\Seed_generation\rapid-SMEM\Rapid-SMEM\gnb_seed_generation_2\code_profiling\5000bp_ref.txt$C:\Users\tonyr\OneDrive - Ulster University\Phd - F,P,F,1,1,1,1,0,PGA acceleration in genomics,\2020-21 MainResearch\Seed_g
45,Phd - FPGA acceleration in genomics\2020-21 MainResearch\Seed_generation\rapid-SMEM\Rapid-SMEM\gnb_seed_generation_2\code_profiling\5000bp_ref.txt$C:\Users\tonyr\OneDrive - Ulster University\,P,\,1,1,1,1,0,Phd - FPGA acceleration in g,enomics\2020-21 MainResearch
129,Rapid-SMEM\gnb_seed_generation_2\code_profiling\5000bp_ref.txt$C:\Users\tonyr\OneDrive - Ulster University\Phd - FPGA acceleration in genomics\2020-21 MainResearch\Seed_generation\rapid-SMEM\,R,\,1,1,1,1,0,Rapid-SMEM\gnb_seed_generati,on_2\code_profiling\5000bp_r
93,Research\Seed_generation\rapid-SMEM\Rapid-SMEM\gnb_seed_generation_2\code_profiling\5000bp_ref.txt$C:\Users\tonyr\OneDrive - Ulster University\Phd - FPGA acceleration in genomics\2020-21 Main,R,n,1,1,1,1,0,Research\Seed_generation\rap,id-SMEM\Rapid-SMEM\gnb_seed_
124,SMEM\Rapid-SMEM\gnb_seed_generation_2\code_profiling\5000bp_ref.txt$C:\Users\tonyr\OneDrive - Ulster University\Phd - FPGA acceleration in genomics\2020-21 MainResearch\Seed_generation\rapid-,S,-,1,1,1,1,0,SMEM\Rapid-SMEM\gnb_seed_gen,eration_2\code_profiling\500
135,SMEM\gnb_seed_generation_2\code_profiling\5000bp_ref.txt$C:\Users\tonyr\OneDrive - Ulster University\Phd - FPGA acceleration in genomics\2020-21 MainResearch\Seed_generation\rapid-SMEM\Rapid-,S,-,1,1,1,1,0,SMEM\gnb_seed_generation_2\c,ode_profiling\5000bp_ref.txt
102,Seed_generation\rapid-SMEM\Rapid-SMEM\gnb_seed_generation_2\code_profiling\5000bp_ref.txt$C:\Users\tonyr\OneDrive - Ulster University\Phd - FPGA acceleration in genomics\2020-21 MainResearch\,S,\,1,1,1,1,0,Seed_generation\rapid-SMEM\R,apid-SMEM\gnb_seed_generatio
27,Ulster University\Phd - FPGA acceleration in genomics\2020-21 MainResearch\Seed_generation\rapid-SMEM\Rapid-SMEM\gnb_seed_generation_2\code_profiling\5000bp_ref.txt$C:\Users\tonyr\OneDrive - ,U, ,1,1,1,1,0,Ulster University\Phd - FPGA, acceleration in genomics\20
34,University\Phd - FPGA acceleration in genomics\2020-21 MainResearch\Seed_generation\rapid-SMEM\Rapid-SMEM\gnb_seed_generation_2\code_profiling\5000bp_ref.txt$C:\Users\tonyr\OneDrive - Ulster ,U, ,1,1,1,1,0,University\Phd - FPGA accele,ration in genomics\2020-21 M
4,Users\tonyr\OneDrive - Ulster University\Phd - FPGA acceleration in genomics\2020-21 MainResearch\Seed_generation\rapid-SMEM\Rapid-SMEM\gnb_seed_generation_2\code_profiling\5000bp_ref.txt$C:\,U,\,1,1,1,1,0,Users\tonyr\OneDrive - Ulste,r University\Phd - FPGA acce
80,\2020-21 MainResearch\Seed_generation\rapid-SMEM\Rapid-SMEM\gnb_seed_generation_2\code_profiling\5000bp_ref.txt$C:\Users\tonyr\OneDrive - Ulster University\Phd - FPGA acceleration in genomics,\,s,1,1,1,1,0,\2020-21 MainResearch\Seed_g,eneration\rapid-SMEM\Rapid-S
176,\5000bp_ref.txt$C:\Users\tonyr\OneDrive - Ulster University\Phd - FPGA acceleration in genomics\2020-21 MainResearch\Seed_generation\rapid-SMEM\Rapid-SMEM\gnb_seed_generation_2\code_profiling,\,g,1,1,1,1,0,\5000bp_ref.txt$C:\Users\ton,yr\OneDrive - Ulster Univers
15,\OneDrive - Ulster University\Phd - FPGA acceleration in genomics\2020-21 MainResearch\Seed_generation\rapid-SMEM\Rapid-SMEM\gnb_seed_generation_2\code_profiling\5000bp_ref.txt$C:\Users\tonyr,\,r,1,1,1,1,0,\OneDrive - Ulster Universit,y\Phd - FPGA acceleration in
44,\Phd - FPGA acceleration in genomics\2020-21 MainResearch\Seed_generation\rapid-SMEM\Rapid-SMEM\gnb_seed_generation_2\code_profiling\5000bp_ref.txt$C:\Users\tonyr\OneDrive - Ulster University,\,y,1,1,1,1,0,\Phd - FPGA acceleration in ,genomics\2020-21 MainResearc
128,\Rapid-SMEM\gnb_seed_generation_2\code_profiling\5000bp_ref.txt$C:\Users\tonyr\OneDrive - Ulster University\Phd - FPGA acceleration in genomics\2020-21 MainResearch\Seed_generation\rapid-SMEM,\,M,1,1,1,1,0,\Rapid-SMEM\gnb_seed_generat,ion_2\code_profiling\5000bp_
101,\Seed_generation\rapid-SMEM\Rapid-SMEM\gnb_seed_generation_2\code_profiling\5000bp_ref.txt$C:\Users\tonyr\OneDrive - Ulster University\Phd - FPGA acceleration in genomics\2020-21 MainResearch,\,h,1,1,1,1,0,\Seed_generation\rapid-SMEM\,Rapid-SMEM\gnb_seed_generati
3,\Users\tonyr\OneDrive - Ulster University\Phd - FPGA acceleration in genomics\2020-21 MainResearch\Seed_generation\rapid-SMEM\Rapid-SMEM\gnb_seed_generation_2\code_profiling\5000bp_ref.txt$C:,\,:,1,1,1,1,0,\Users\tonyr\OneDrive - Ulst,er University\Phd - FPGA acc
161,\code_profiling\5000bp_ref.txt$C:\Users\tonyr\OneDrive - Ulster University\Phd - FPGA acceleration in genomics\2020-21 MainResearch\Seed_generation\rapid-SMEM\Rapid-SMEM\gnb_seed_generation_2,\,2,1,1,1,1,0,\code_profiling\5000bp_ref.t,xt$C:\Users\tonyr\OneDrive -
139,\gnb_seed_generation_2\code_profiling\5000bp_ref.txt$C:\Users\tonyr\OneDrive - Ulster University\Phd - FPGA acceleration in genomics\2020-21 MainResearch\Seed_generation\rapid-SMEM\Rapid-SMEM,\,M,1,1,1,1,0,\gnb_seed_generation_2\code_,profiling\5000bp_ref.txt$C:\
117,\rapid-SMEM\Rapid-SMEM\gnb_seed_generation_2\code_profiling\5000bp_ref.txt$C:\Users\tonyr\OneDrive - Ulster University\Phd - FPGA acceleration in genomics\2020-21 MainResearch\Seed_generation,\,n,1,1,1,1,0,\rapid-SMEM\Rapid-SMEM\gnb_s,eed_generation_2\code_profil
9,\tonyr\OneDrive - Ulster University\Phd - FPGA acceleration in genomics\2020-21 MainResearch\Seed_generation\rapid-SMEM\Rapid-SMEM\gnb_seed_generation_2\code_profiling\5000bp_ref.txt$C:\Users,\,s,1,1,1,1,0,\tonyr\OneDrive - Ulster Uni,versity\Phd - FPGA accelerat
159,_2\code_profiling\5000bp_ref.txt$C:\Users\tonyr\OneDrive - Ulster University\Phd - FPGA acceleration in genomics\2020-21 MainResearch\Seed_generation\rapid-SMEM\Rapid-SMEM\gnb_seed_generation,_,n,1,1,1,1,0,_2\code_profiling\5000bp_ref,.txt$C:\Users\tonyr\OneDrive
106,_generation\rapid-SMEM\Rapid-SMEM\gnb_seed_generation_2\code_profiling\5000bp_ref.txt$C:\Users\tonyr\OneDrive - Ulster University\Phd - FPGA acceleration in genomics\2020-21 MainResearch\Seed,_,d,1,1,1,1,0,_generation\rapid-SMEM\Rapid,-SMEM\gnb_seed_generation_2\
148,_generation_2\code_profiling\5000bp_ref.txt$C:\Users\tonyr\OneDrive - Ulster University\Phd - FPGA acceleration in genomics\2020-21 MainResearch\Seed_generation\rapid-SMEM\Rapid-SMEM\gnb_seed,_,d,1,1,1,1,0,_generation_2\code_profiling,\5000bp_ref.txt$C:\Users\ton
166,_profiling\5000bp_ref.txt$C:\Users\tonyr\OneDrive - Ulster University\Phd - FPGA acceleration in genomics\2020-21 MainResearch\Seed_generation\rapid-SMEM\Rapid-SMEM\gnb_seed_generation_2\code,_,e,1,1,1,1,0,_profiling\5000bp_ref.txt$C:,\Users\tonyr\OneDrive - Ulst
183,_ref.txt$C:\Users\tonyr\OneDrive - Ulster University\Phd - FPGA acceleration in genomics\2020-21 MainResearch\Seed_generation\rapid-SMEM\Rapid-SMEM\gnb_seed_generation_2\code_profiling\5000bp,_,p,1,1,1,1,0,_ref.txt$C:\Users\tonyr\OneD,rive - Ulster University\Phd
143,_seed_generation_2\code_profiling\5000bp_ref.txt$C:\Users\tonyr\OneDrive - Ulster University\Phd - FPGA acceleration in genomics\2020-21 MainResearch\Seed_generation\rapid-SMEM\Rapid-SMEM\gnb,_,b,1,1,1,1,0,_seed_generation_2\code_prof,iling\5000bp_ref.txt$C:\User
56,acceleration in genomics\2020-21 MainResearch\Seed_generation\rapid-SMEM\Rapid-SMEM\gnb_seed_generation_2\code_profiling\5000bp_ref.txt$C:\Users\tonyr\OneDrive - Ulster University\Phd - FPGA ,a, ,1,1,1,1,0,acceleration in genomics\202,0-21 MainResearch\Seed_gener
90,ainResearch\Seed_generation\rapid-SMEM\Rapid-SMEM\gnb_seed_generation_2\code_profiling\5000bp_ref.txt$C:\Users\tonyr\OneDrive - Ulster University\Phd - FPGA acceleration in genomics\2020-21 M,a,M,1,1,1,1,0,ainResearch\Seed_generation\,rapid-SMEM\Rapid-SMEM\gnb_se
119,apid-SMEM\Rapid-SMEM\gnb_seed_generation_2\code_profiling\5000bp_ref.txt$C:\Users\tonyr\OneDrive - Ulster University\Phd - FPGA acceleration in genomics\2020-21 MainResearch\Seed_generation\r,a,r,1,1,1,1,0,apid-SMEM\Rapid-SMEM\gnb_see,d_generation_2\code_profilin
130,apid-SMEM\gnb_seed_generation_2\code_profiling\5000bp_ref.txt$C:\Users\tonyr\OneDrive - Ulster University\Phd - FPGA acceleration in genomics\2020-21 MainResearch\Seed_generation\rapid-SMEM\R,a,R,1,1,1,1,0,apid-SMEM\gnb_seed_generatio,n_2\code_profiling\5000bp_re
97,arch\Seed_generation\rapid-SMEM\Rapid-SMEM\gnb_seed_generation_2\code_profiling\5000bp_ref.txt$C:\Users\tonyr\OneDrive - Ulster University\Phd - FPGA acceleration in genomics\2020-21 MainRese,a,e,1,1,1,1,0,arch\Seed_generation\rapid-S,MEM\Rapid-SMEM\gnb_seed_gene
63,ation in genomics\2020-21 MainResearch\Seed_generation\rapid-SMEM\Rapid-SMEM\gnb_seed_generation_2\code_profiling\5000bp_ref.txt$C:\Users\tonyr\OneDrive - Ulster University\Phd - FPGA acceler,a,r,1,1,1,1,0,ation in genomics\2020-21 Ma,inResearch\Seed_generation\r
112,ation\rapid-SMEM\Rapid-SMEM\gnb_seed_generation_2\code_profiling\5000bp_ref.txt$C:\Users\tonyr\OneDrive - Ulster University\Phd - FPGA acceleration in genomics\2020-21 MainResearch\Seed_gener,a,r,1,1,1,1,0,ation\rapid-SMEM\Rapid-SMEM\,gnb_seed_generation_2\code_p
154,ation_2\code_profiling\5000bp_ref.txt$C:\Users\tonyr\OneDrive - Ulster University\Phd - FPGA acceleration in genomics\2020-21 MainResearch\Seed_generation\rapid-SMEM\Rapid-SMEM\gnb_seed_gener,a,r,1,1,1,1,0,ation_2\code_profiling\5000b,p_ref.txt$C:\Users\tonyr\One
142,b_seed_generation_2\code_profiling\5000bp_ref.txt$C:\Users\tonyr\OneDrive - Ulster University\Phd - FPGA acceleration in genomics\2020-21 MainResearch\Seed_generation\rapid-SMEM\Rapid-SMEM\gn,b,n,1,1,1,1,0,b_seed_generation_2\code_pro,filing\5000bp_ref.txt$C:\Use
181,bp_ref.txt$C:\Users\tonyr\OneDrive - Ulster University\Phd - FPGA acceleration in genomics\2020-21 MainResearch\Seed_generation\rapid-SMEM\Rapid-SMEM\gnb_seed_generation_2\code_profiling\5000,b,0,1,1,1,1,0,bp_ref.txt$C:\Users\tonyr\On,eDrive - Ulster University\P
57,cceleration in genomics\2020-21 MainResearch\Seed_generation\rapid-SMEM\Rapid-SMEM\gnb_seed_generation_2\code_profiling\5000bp_ref.txt$C:\Users\tonyr\OneDrive - Ulster University\Phd - FPGA a,c,a,1,1,1,1,0,cceleration in genomics\2020,-21 MainResearch\Seed_genera
58,celeration in genomics\2020-21 MainResearch\Seed_generation\rapid-SMEM\Rapid-SMEM\gnb_seed_generation_2\code_profiling\5000bp_ref.txt$C:\Users\tonyr\OneDrive - Ulster University\Phd - FPGA ac,c,c,1,1,1,1,0,celeration in genomics\2020-,21 MainResearch\Seed_generat
99,ch\Seed_generation\rapid-SMEM\Rapid-SMEM\gnb_seed_generation_2\code_profiling\5000bp_ref.txt$C:\Users\tonyr\OneDrive - Ulster University\Phd - FPGA acceleration in genomics\2020-21 MainResear,c,r,1,1,1,1,0,ch\Seed_generation\rapid-SME,M\Rapid-SMEM\gnb_seed_genera
162,code_profiling\5000bp_ref.txt$C:\Users\tonyr\OneDrive - Ulster University\Phd - FPGA acceleration in genomics\2020-21 MainResearch\Seed_generation\rapid-SMEM\Rapid-SMEM\gnb_seed_generation_2\,c,\,1,1,1,1,0,code_profiling\5000bp_ref.tx,t$C:\Users\tonyr\OneDrive - 
78,cs\2020-21 MainResearch\Seed_generation\rapid-SMEM\Rapid-SMEM\gnb_seed_generation_2\code_profiling\5000bp_ref.txt$C:\Users\tonyr\OneDrive - Ulster University\Phd - FPGA acceleration in genomi,c,i,1,1,1,1,0,cs\2020-21 MainResearch\Seed,_generation\rapid-SMEM\Rapid
47,d - FPGA acceleration in genomics\2020-21 MainResearch\Seed_generation\rapid-SMEM\Rapid-SMEM\gnb_seed_generation_2\code_profiling\5000bp_ref.txt$C:\Users\tonyr\OneDrive - Ulster University\Ph,d,h,1,1,1,1,0,d - FPGA acceleration in gen,omics\2020-21 MainResearch\S
122,d-SMEM\Rapid-SMEM\gnb_seed_generation_2\code_profiling\5000bp_ref.txt$C:\Users\tonyr\OneDrive - Ulster University\Phd - FPGA acceleration in genomics\2020-21 MainResearch\Seed_generation\rapi,d,i,1,1,1,1,0,d-SMEM\Rapid-SMEM\gnb_seed_g,eneration_2\code_profiling\5
133,d-SMEM\gnb_seed_generation_2\code_profiling\5000bp_ref.txt$C:\Users\tonyr\OneDrive - Ulster University\Phd - FPGA acceleration in genomics\2020-21 MainResearch\Seed_generation\rapid-SMEM\Rapi,d,i,1,1,1,1,0,d-SMEM\gnb_seed_generation_2,\code_profiling\5000bp_ref.t
105,d_generation\rapid-SMEM\Rapid-SMEM\gnb_seed_generation_2\code_profiling\5000bp_ref.txt$C:\Users\tonyr\OneDrive - Ulster University\Phd - FPGA acceleration in genomics\2020-21 MainResearch\See,d,e,1,1,1,1,0,d_generation\rapid-SMEM\Rapi,d-SMEM\gnb_seed_generation_2
147,d_generation_2\code_profiling\5000bp_ref.txt$C:\Users\tonyr\OneDrive - Ulster University\Phd - FPGA acceleration in genomics\2020-21 MainResearch\Seed_generation\rapid-SMEM\Rapid-SMEM\gnb_see,d,e,1,1,1,1,0,d_generation_2\code_profilin,g\5000bp_ref.txt$C:\Users\to
164,de_profiling\5000bp_ref.txt$C:\Users\tonyr\OneDrive - Ulster University\Phd - FPGA acceleration in genomics\2020-21 MainResearch\Seed_generation\rapid-SMEM\Rapid-SMEM\gnb_seed_generation_2\co,d,o,1,1,1,1,0,de_profiling\5000bp_ref.txt$,C:\Users\tonyr\OneDrive - Ul
23,e - Ulster University\Phd - FPGA acceleration in genomics\2020-21 MainResearch\Seed_generation\rapid-SMEM\Rapid-SMEM\gnb_seed_generation_2\code_profiling\5000bp_ref.txt$C:\Users\tonyr\OneDriv,e,v,1,1,1,1,0,e - Ulster University\Phd - ,FPGA acceleration in genomic
18,eDrive - Ulster University\Phd - FPGA acceleration in genomics\2020-21 MainResearch\Seed_generation\rapid-SMEM\Rapid-SMEM\gnb_seed_generation_2\code_profiling\5000bp_ref.txt$C:\Users\tonyr\On,e,n,1,1,1,1,0,eDrive - Ulster University\P,hd - FPGA acceleration in ge
165,e_profiling\5000bp_ref.txt$C:\Users\tonyr\OneDrive - Ulster University\Phd - FPGA acceleration in genomics\2020-21 MainResearch\Seed_generation\rapid-SMEM\Rapid-SMEM\gnb_seed_generation_2\cod,e,d,1,1,1,1,0,e_profiling\5000bp_ref.txt$C,:\Users\tonyr\OneDrive - Uls
96,earch\Seed_generation\rapid-SMEM\Rapid-SMEM\gnb_seed_generation_2\code_profiling\5000bp_ref.txt$C:\Users\tonyr\OneDrive - Ulster University\Phd - FPGA acceleration in genomics\2020-21 MainRes,e,s,1,1,1,1,0,earch\Seed_generation\rapid-,SMEM\Rapid-SMEM\gnb_seed_gen
104,ed_generation\rapid-SMEM\Rapid-SMEM\gnb_seed_generation_2\code_profiling\5000bp_ref.txt$C:\Users\tonyr\OneDrive - Ulster University\Phd - FPGA acceleration in genomics\2020-21 MainResearch\Se,e,e,1,1,1,1,0,ed_generation\rapid-SMEM\Rap,id-SMEM\gnb_seed_generation_
146,ed_generation_2\code_profiling\5000bp_ref.txt$C:\Users\tonyr\OneDrive - Ulster University\Phd - FPGA acceleration in genomics\2020-21 MainResearch\Seed_generation\rapid-SMEM\Rapid-SMEM\gnb_se,e,e,1,1,1,1,0,ed_generation_2\code_profili,ng\5000bp_ref.txt$C:\Users\t
103,eed_generation\rapid-SMEM\Rapid-SMEM\gnb_seed_generation_2\code_profiling\5000bp_ref.txt$C:\Users\tonyr\OneDrive - Ulster University\Phd - FPGA acceleration in genomics\2020-21 MainResearch\S,e,S,1,1,1,1,0,eed_generation\rapid-SMEM\Ra,pid-SMEM\gnb_seed_generation
145,eed_generation_2\code_profiling\5000bp_ref.txt$C:\Users\tonyr\OneDrive - Ulster University\Phd - FPGA acceleration in genomics\2020-21 MainResearch\Seed_generation\rapid-SMEM\Rapid-SMEM\gnb_s,e,s,1,1,1,1,0,eed_generation_2\code_profil,ing\5000bp_ref.txt$C:\Users\
185,ef.txt$C:\Users\tonyr\OneDrive - Ulster University\Phd - FPGA acceleration in genomics\2020-21 MainResearch\Seed_generation\rapid-SMEM\Rapid-SMEM\gnb_seed_generation_2\code_profiling\5000bp_r,e,r,1,1,1,1,0,ef.txt$C:\Users\tonyr\OneDri,ve - Ulster University\Phd -
59,eleration in genomics\2020-21 MainResearch\Seed_generation\rapid-SMEM\Rapid-SMEM\gnb_seed_generation_2\code_profiling\5000bp_ref.txt$C:\Users\tonyr\OneDrive - Ulster University\Phd - FPGA acc,e,c,1,1,1,1,0,eleration in genomics\2020-2,1 MainResearch\Seed_generati
108,eneration\rapid-SMEM\Rapid-SMEM\gnb_seed_generation_2\code_profiling\5000bp_ref.txt$C:\Users\tonyr\OneDrive - Ulster University\Phd - FPGA acceleration in genomics\2020-21 MainResearch\Seed_g,e,g,1,1,1,1,0,eneration\rapid-SMEM\Rapid-S,MEM\gnb_seed_generation_2\co
150,eneration_2\code_profiling\5000bp_ref.txt$C:\Users\tonyr\OneDrive - Ulster University\Phd - FPGA acceleration in genomics\2020-21 MainResearch\Seed_generation\rapid-SMEM\Rapid-SMEM\gnb_seed_g,e,g,1,1,1,1,0,eneration_2\code_profiling\5,000bp_ref.txt$C:\Users\tonyr
73,enomics\2020-21 MainResearch\Seed_generation\rapid-SMEM\Rapid-SMEM\gnb_seed_generation_2\code_profiling\5000bp_ref.txt$C:\Users\tonyr\OneDrive - Ulster University\Phd - FPGA acceleration in g,e,g,1,1,1,1,0,enomics\2020-21 MainResearch,\Seed_generation\rapid-SMEM\
31,er University\Phd - FPGA acceleration in genomics\2020-21 MainResearch\Seed_generation\rapid-SMEM\Rapid-SMEM\gnb_seed_generation_2\code_profiling\5000bp_ref.txt$C:\Users\tonyr\OneDrive - Ulst,e,t,1,1,1,1,0,er University\Phd - FPGA acc,eleration in genomics\2020-2
61,eration in genomics\2020-21 MainResearch\Seed_generation\rapid-SMEM\Rapid-SMEM\gnb_seed_generation_2\code_profiling\5000bp_ref.txt$C:\Users\tonyr\OneDrive - Ulster University\Phd - FPGA accel,e,l,1,1,1,1,0,eration in genomics\2020-21 ,MainResearch\Seed_generation
110,eration\rapid-SMEM\Rapid-SMEM\gnb_seed_generation_2\code_profiling\5000bp_ref.txt$C:\Users\tonyr\OneDrive - Ulster University\Phd - FPGA acceleration in genomics\2020-21 MainResearch\Seed_gen,e,n,1,1,1,1,0,eration\rapid-SMEM\Rapid-SME,M\gnb_seed_generation_2\code
152,eration_2\code_profiling\5000bp_ref.txt$C:\Users\tonyr\OneDrive - Ulster University\Phd - FPGA acceleration in genomics\2020-21 MainResearch\Seed_generation\rapid-SMEM\Rapid-SMEM\gnb_seed_gen,e,n,1,1,1,1,0,eration_2\code_profiling\500,0bp_ref.txt$C:\Users\tonyr\O
6,ers\tonyr\OneDrive - Ulster University\Phd - FPGA acceleration in genomics\2020-21 MainResearch\Seed_generation\rapid-SMEM\Rapid-SMEM\gnb_seed_generation_2\code_profiling\5000bp_ref.txt$C:\Us,e,s,1,1,1,1,0,ers\tonyr\OneDrive - Ulster ,University\Phd - FPGA accele
38,ersity\Phd - FPGA acceleration in genomics\2020-21 MainResearch\Seed_generation\rapid-SMEM\Rapid-SMEM\gnb_seed_generation_2\code_profiling\5000bp_ref.txt$C:\Users\tonyr\OneDrive - Ulster Univ,e,v,1,1,1,1,0,ersity\Phd - FPGA accelerati,on in genomics\2020-21 MainR
94,esearch\Seed_generation\rapid-SMEM\Rapid-SMEM\gnb_seed_generation_2\code_profiling\5000bp_ref.txt$C:\Users\tonyr\OneDrive - Ulster University\Phd - FPGA acceleration in genomics\2020-21 MainR,e,R,1,1,1,1,0,esearch\Seed_generation\rapi,d-SMEM\Rapid-SMEM\gnb_seed_g
186,f.txt$C:\Users\tonyr\OneDrive - Ulster University\Phd - FPGA acceleration in genomics\2020-21 MainResearch\Seed_generation\rapid-SMEM\Rapid-SMEM\gnb_seed_generation_2\code_profiling\5000bp_re,f,e,1,1,1,1,0,f.txt$C:\Users\tonyr\OneDriv,e - Ulster University\Phd - 
170,filing\5000bp_ref.txt$C:\Users\tonyr\OneDrive - Ulster University\Phd - FPGA acceleration in genomics\2020-21 MainResearch\Seed_generation\rapid-SMEM\Rapid-SMEM\gnb_seed_generation_2\code_pro,f,o,1,1,1,1,0,filing\5000bp_ref.txt$C:\Use,rs\tonyr\OneDrive - Ulster U
175,g\5000bp_ref.txt$C:\Users\tonyr\OneDrive - Ulster University\Phd - FPGA acceleration in genomics\2020-21 MainResearch\Seed_generation\rapid-SMEM\Rapid-SMEM\gnb_seed_generation_2\code_profilin,g,n,1,1,1,1,0,g\5000bp_ref.txt$C:\Users\to,nyr\OneDrive - Ulster Univer
107,generation\rapid-SMEM\Rapid-SMEM\gnb_seed_generation_2\code_profiling\5000bp_ref.txt$C:\Users\tonyr\OneDrive - Ulster University\Phd - FPGA acceleration in genomics\2020-21 MainResearch\Seed_,g,_,1,1,1,1,0,generation\rapid-SMEM\Rapid-,SMEM\gnb_seed_generation_2\c
149,generation_2\code_profiling\5000bp_ref.txt$C:\Users\tonyr\OneDrive - Ulster University\Phd - FPGA acceleration in genomics\2020-21 MainResearch\Seed_generation\rapid-SMEM\Rapid-SMEM\gnb_seed_,g,_,1,1,1,1,0,generation_2\code_profiling\,5000bp_ref.txt$C:\Users\tony
72,genomics\2020-21 MainResearch\Seed_generation\rapid-SMEM\Rapid-SMEM\gnb_seed_generation_2\code_profiling\5000bp_ref.txt$C:\Users\tonyr\OneDrive - Ulster University\Phd - FPGA acceleration in ,g, ,1,1,1,1,0,genomics\2020-21 MainResearc,h\Seed_generation\rapid-SMEM
140,gnb_seed_generation_2\code_profiling\5000bp_ref.txt$C:\Users\tonyr\OneDrive - Ulster University\Phd - FPGA acceleration in genomics\2020-21 MainResearch\Seed_generation\rapid-SMEM\Rapid-SMEM\,g,\,1,1,1,1,0,gnb_seed_generation_2\code_p,rofiling\5000bp_ref.txt$C:\U
100,h\Seed_generation\rapid-SMEM\Rapid-SMEM\gnb_seed_generation_2\code_profiling\5000bp_ref.txt$C:\Users\tonyr\OneDrive - Ulster University\Phd - FPGA acceleration in genomics\2020-21 MainResearc,h,c,1,1,1,1,0,h\Seed_generation\rapid-SMEM,\Rapid-SMEM\gnb_seed_generat
46,hd - FPGA acceleration in genomics\2020-21 MainResearch\Seed_generation\rapid-SMEM\Rapid-SMEM\gnb_seed_generation_2\code_profiling\5000bp_ref.txt$C:\Users\tonyr\OneDrive - Ulster University\P,h,P,1,1,1,1,0,hd - FPGA acceleration in ge,nomics\2020-21 MainResearch\
77,ics\2020-21 MainResearch\Seed_generation\rapid-SMEM\Rapid-SMEM\gnb_seed_generation_2\code_profiling\5000bp_ref.txt$C:\Users\tonyr\OneDrive - Ulster University\Phd - FPGA acceleration in genom,i,m,1,1,1,1,0,ics\2020-21 MainResearch\See,d_generation\rapid-SMEM\Rapi
121,id-SMEM\Rapid-SMEM\gnb_seed_generation_2\code_profiling\5000bp_ref.txt$C:\Users\tonyr\OneDrive - Ulster University\Phd - FPGA acceleration in genomics\2020-21 MainResearch\Seed_generation\rap,i,p,1,1,1,1,0,id-SMEM\Rapid-SMEM\gnb_seed_,generation_2\code_profiling\
132,id-SMEM\gnb_seed_generation_2\code_profiling\5000bp_ref.txt$C:\Users\tonyr\OneDrive - Ulster University\Phd - FPGA acceleration in genomics\2020-21 MainResearch\Seed_generation\rapid-SMEM\Rap,i,p,1,1,1,1,0,id-SMEM\gnb_seed_generation_,2\code_profiling\5000bp_ref.
171,iling\5000bp_ref.txt$C:\Users\tonyr\OneDrive - Ulster University\Phd - FPGA acceleration in genomics\2020-21 MainResearch\Seed_generation\rapid-SMEM\Rapid-SMEM\gnb_seed_generation_2\code_prof,i,f,1,1,1,1,0,iling\5000bp_ref.txt$C:\User,s\tonyr\OneDrive - Ulster Un
69,in genomics\2020-21 MainResearch\Seed_generation\rapid-SMEM\Rapid-SMEM\gnb_seed_generation_2\code_profiling\5000bp_ref.txt$C:\Users\tonyr\OneDrive - Ulster University\Phd - FPGA acceleration ,i, ,1,1,1,1,0,in genomics\2020-21 MainRese,arch\Seed_generation\rapid-S
91,inResearch\Seed_generation\rapid-SMEM\Rapid-SMEM\gnb_seed_generation_2\code_profiling\5000bp_ref.txt$C:\Users\tonyr\OneDrive - Ulster University\Phd - FPGA acceleration in genomics\2020-21 Ma,i,a,1,1,1,1,0,inResearch\Seed_generation\r,apid-SMEM\Rapid-SMEM\gnb_see
173,ing\5000bp_ref.txt$C:\Users\tonyr\OneDrive - Ulster University\Phd - FPGA acceleration in genomics\2020-21 MainResearch\Seed_generation\rapid-SMEM\Rapid-SMEM\gnb_seed_generation_2\code_profil,i,l,1,1,1,1,0,ing\5000bp_ref.txt$C:\Users\,tonyr\OneDrive - Ulster Univ
65,ion in genomics\2020-21 MainResearch\Seed_generation\rapid-SMEM\Rapid-SMEM\gnb_seed_generation_2\code_profiling\5000bp_ref.txt$C:\Users\tonyr\OneDrive - Ulster University\Phd - FPGA accelerat,i,t,1,1,1,1,0,ion in genomics\2020-21 Main,Research\Seed_generation\rap
114,ion\rapid-SMEM\Rapid-SMEM\gnb_seed_generation_2\code_profiling\5000bp_ref.txt$C:\Users\tonyr\OneDrive - Ulster University\Phd - FPGA acceleration in genomics\2020-21 MainResearch\Seed_generat,i,t,1,1,1,1,0,ion\rapid-SMEM\Rapid-SMEM\gn,b_seed_generation_2\code_pro
156,ion_2\code_profiling\5000bp_ref.txt$C:\Users\tonyr\OneDrive - Ulster University\Phd - FPGA acceleration in genomics\2020-21 MainResearch\Seed_generation\rapid-SMEM\Rapid-SMEM\gnb_seed_generat,i,t,1,1,1,1,0,ion_2\code_profiling\5000bp_,ref.txt$C:\Users\tonyr\OneDr
41,ity\Phd - FPGA acceleration in genomics\2020-21 MainResearch\Seed_generation\rapid-SMEM\Rapid-SMEM\gnb_seed_generation_2\code_profiling\5000bp_ref.txt$C:\Users\tonyr\OneDrive - Ulster Univers,i,s,1,1,1,1,0,ity\Phd - FPGA acceleration ,in genomics\2020-21 MainRese
21,ive - Ulster University\Phd - FPGA acceleration in genomics\2020-21 MainResearch\Seed_generation\rapid-SMEM\Rapid-SMEM\gnb_seed_generation_2\code_profiling\5000bp_ref.txt$C:\Users\tonyr\OneDr,i,r,1,1,1,1,0,ive - Ulster University\Phd ,- FPGA acceleration in genom
36,iversity\Phd - FPGA acceleration in genomics\2020-21 MainResearch\Seed_generation\rapid-SMEM\Rapid-SMEM\gnb_seed_generation_2\code_profiling\5000bp_ref.txt$C:\Users\tonyr\OneDrive - Ulster Un,i,n,1,1,1,1,0,iversity\Phd - FPGA accelera,tion in genomics\2020-21 Mai
60,leration in genomics\2020-21 MainResearch\Seed_generation\rapid-SMEM\Rapid-SMEM\gnb_seed_generation_2\code_profiling\5000bp_ref.txt$C:\Users\tonyr\OneDrive - Ulster University\Phd - FPGA acce,l,e,1,1,1,1,0,leration in genomics\2020-21, MainResearch\Seed_generatio
172,ling\5000bp_ref.txt$C:\Users\tonyr\OneDrive - Ulster University\Phd - FPGA acceleration in genomics\2020-21 MainResearch\Seed_generation\rapid-SMEM\Rapid-SMEM\gnb_seed_generation_2\code_profi,l,i,1,1,1,1,0,ling\5000bp_ref.txt$C:\Users,\tonyr\OneDrive - Ulster Uni
28,lster University\Phd - FPGA acceleration in genomics\2020-21 MainResearch\Seed_generation\rapid-SMEM\Rapid-SMEM\gnb_seed_generation_2\code_profiling\5000bp_ref.txt$C:\Users\tonyr\OneDrive - U,l,U,1,1,1,1,0,lster University\Phd - FPGA ,acceleration in genomics\202
76,mics\2020-21 MainResearch\Seed_generation\rapid-SMEM\Rapid-SMEM\gnb_seed_generation_2\code_profiling\5000bp_ref.txt$C:\Users\tonyr\OneDrive - Ulster University\Phd - FPGA acceleration in geno,m,o,1,1,1,1,0,mics\2020-21 MainResearch\Se,ed_generation\rapid-SMEM\Rap
70,n genomics\2020-21 MainResearch\Seed_generation\rapid-SMEM\Rapid-SMEM\gnb_seed_generation_2\code_profiling\5000bp_ref.txt$C:\Users\tonyr\OneDrive - Ulster University\Phd - FPGA acceleration i,n,i,1,1,1,1,0,n genomics\2020-21 MainResea,rch\Seed_generation\rapid-SM
67,n in genomics\2020-21 MainResearch\Seed_generation\rapid-SMEM\Rapid-SMEM\gnb_seed_generation_2\code_profiling\5000bp_ref.txt$C:\Users\tonyr\OneDrive - Ulster University\Phd - FPGA acceleratio,n,o,1,1,1,1,0,n in genomics\2020-21 MainRe,search\Seed_generation\rapid
92,nResearch\Seed_generation\rapid-SMEM\Rapid-SMEM\gnb_seed_generation_2\code_profiling\5000bp_ref.txt$C:\Users\tonyr\OneDrive - Ulster University\Phd - FPGA acceleration in genomics\2020-21 Mai,n,i,1,1,1,1,0,nResearch\Seed_generation\ra,pid-SMEM\Rapid-SMEM\gnb_seed
116,n\rapid-SMEM\Rapid-SMEM\gnb_seed_generation_2\code_profiling\5000bp_ref.txt$C:\Users\tonyr\OneDrive - Ulster University\Phd - FPGA acceleration in genomics\2020-21 MainResearch\Seed_generatio,n,o,1,1,1,1,0,n\rapid-SMEM\Rapid-SMEM\gnb_,seed_generation_2\code_profi
158,n_2\code_profiling\5000bp_ref.txt$C:\Users\tonyr\OneDrive - Ulster University\Phd - FPGA acceleration in genomics\2020-21 MainResearch\Seed_generation\rapid-SMEM\Rapid-SMEM\gnb_seed_generatio,n,o,1,1,1,1,0,n_2\code_profiling\5000bp_re,f.txt$C:\Users\tonyr\OneDriv
141,nb_seed_generation_2\code_profiling\5000bp_ref.txt$C:\Users\tonyr\OneDrive - Ulster University\Phd - FPGA acceleration in genomics\2020-21 MainResearch\Seed_generation\rapid-SMEM\Rapid-SMEM\g,n,g,1,1,1,1,0,nb_seed_generation_2\code_pr,ofiling\5000bp_ref.txt$C:\Us
17,neDrive - Ulster University\Phd - FPGA acceleration in genomics\2020-21 MainResearch\Seed_generation\rapid-SMEM\Rapid-SMEM\gnb_seed_generation_2\code_profiling\5000bp_ref.txt$C:\Users\tonyr\O,n,O,1,1,1,1,0,neDrive - Ulster University\,Phd - FPGA acceleration in g
109,neration\rapid-SMEM\Rapid-SMEM\gnb_seed_generation_2\code_profiling\5000bp_ref.txt$C:\Users\tonyr\OneDrive - Ulster University\Phd - FPGA acceleration in genomics\2020-21 MainResearch\Seed_ge,n,e,1,1,1,1,0,neration\rapid-SMEM\Rapid-SM,EM\gnb_seed_generation_2\cod
151,neration_2\code_profiling\5000bp_ref.txt$C:\Users\tonyr\OneDrive - Ulster University\Phd - FPGA acceleration in genomics\2020-21 MainResearch\Seed_generation\rapid-SMEM\Rapid-SMEM\gnb_seed_ge,n,e,1,1,1,1,0,neration_2\code_profiling\50,00bp_ref.txt$C:\Users\tonyr\
174,ng\5000bp_ref.txt$C:\Users\tonyr\OneDrive - Ulster University\Phd - FPGA acceleration in genomics\2020-21 MainResearch\Seed_generation\rapid-SMEM\Rapid-SMEM\gnb_seed_generation_2\code_profili,n,i,1,1,1,1,0,ng\5000bp_ref.txt$C:\Users\t,onyr\OneDrive - Ulster Unive
35,niversity\Phd - FPGA acceleration in genomics\2020-21 MainResearch\Seed_generation\rapid-SMEM\Rapid-SMEM\gnb_seed_generation_2\code_profiling\5000bp_ref.txt$C:\Users\tonyr\OneDrive - Ulster U,n,U,1,1,1,1,0,niversity\Phd - FPGA acceler,ation in genomics\2020-21 Ma
74,nomics\2020-21 MainResearch\Seed_generation\rapid-SMEM\Rapid-SMEM\gnb_seed_generation_2\code_profiling\5000bp_ref.txt$C:\Users\tonyr\OneDrive - Ulster University\Phd - FPGA acceleration in ge,n,e,1,1,1,1,0,nomics\2020-21 MainResearch\,Seed_generation\rapid-SMEM\R
12,nyr\OneDrive - Ulster University\Phd - FPGA acceleration in genomics\2020-21 MainResearch\Seed_generation\rapid-SMEM\Rapid-SMEM\gnb_seed_generation_2\code_profiling\5000bp_ref.txt$C:\Users\to,n,o,1,1,1,1,0,nyr\OneDrive - Ulster Univer,sity\Phd - FPGA acceleration
163,ode_profiling\5000bp_ref.txt$C:\Users\tonyr\OneDrive - Ulster University\Phd - FPGA acceleration in genomics\2020-21 MainResearch\Seed_generation\rapid-SMEM\Rapid-SMEM\gnb_seed_generation_2\c,o,c,1,1,1,1,0,ode_profiling\5000bp_ref.txt,$C:\Users\tonyr\OneDrive - U
169,ofiling\5000bp_ref.txt$C:\Users\tonyr\OneDrive - Ulster University\Phd - FPGA acceleration in genomics\2020-21 MainResearch\Seed_generation\rapid-SMEM\Rapid-SMEM\gnb_seed_generation_2\code_pr,o,r,1,1,1,1,0,ofiling\5000bp_ref.txt$C:\Us,ers\tonyr\OneDrive - Ulster 
75,omics\2020-21 MainResearch\Seed_generation\rapid-SMEM\Rapid-SMEM\gnb_seed_generation_2\code_profiling\5000bp_ref.txt$C:\Users\tonyr\OneDrive - Ulster University\Phd - FPGA acceleration in gen,o,n,1,1,1,1,0,omics\2020-21 MainResearch\S,eed_generation\rapid-SMEM\Ra
66,on in genomics\2020-21 MainResearch\Seed_generation\rapid-SMEM\Rapid-SMEM\gnb_seed_generation_2\code_profiling\5000bp_ref.txt$C:\Users\tonyr\OneDrive - Ulster University\Phd - FPGA accelerati,o,i,1,1,1,1,0,on in genomics\2020-21 MainR,esearch\Seed_generation\rapi
115,on\rapid-SMEM\Rapid-SMEM\gnb_seed_generation_2\code_profiling\5000bp_ref.txt$C:\Users\tonyr\OneDrive - Ulster University\Phd - FPGA acceleration in genomics\2020-21 MainResearch\Seed_generati,o,i,1,1,1,1,0,on\rapid-SMEM\Rapid-SMEM\gnb,_seed_generation_2\code_prof
157,on_2\code_profiling\5000bp_ref.txt$C:\Users\tonyr\OneDrive - Ulster University\Phd - FPGA acceleration in genomics\2020-21 MainResearch\Seed_generation\rapid-SMEM\Rapid-SMEM\gnb_seed_generati,o,i,1,1,1,1,0,on_2\code_profiling\5000bp_r,ef.txt$C:\Users\tonyr\OneDri
11,onyr\OneDrive - Ulster University\Phd - FPGA acceleration in genomics\2020-21 MainResearch\Seed_generation\rapid-SMEM\Rapid-SMEM\gnb_seed_generation_2\code_profiling\5000bp_ref.txt$C:\Users\t,o,t,1,1,1,1,0,onyr\OneDrive - Ulster Unive,rsity\Phd - FPGA acceleratio
182,p_ref.txt$C:\Users\tonyr\OneDrive - Ulster University\Phd - FPGA acceleration in genomics\2020-21 MainResearch\Seed_generation\rapid-SMEM\Rapid-SMEM\gnb_seed_generation_2\code_profiling\5000b,p,b,1,1,1,1,0,p_ref.txt$C:\Users\tonyr\One,Drive - Ulster University\Ph
120,pid-SMEM\Rapid-SMEM\gnb_seed_generation_2\code_profiling\5000bp_ref.txt$C:\Users\tonyr\OneDrive - Ulster University\Phd - FPGA acceleration in genomics\2020-21 MainResearch\Seed_generation\ra,p,a,1,1,1,1,0,pid-SMEM\Rapid-SMEM\gnb_seed,_generation_2\code_profiling
131,pid-SMEM\gnb_seed_generation_2\code_profiling\5000bp_ref.txt$C:\Users\tonyr\OneDrive - Ulster University\Phd - FPGA acceleration in genomics\2020-21 MainResearch\Seed_generation\rapid-SMEM\Ra,p,a,1,1,1,1,0,pid-SMEM\gnb_seed_generation,_2\code_profiling\5000bp_ref
167,profiling\5000bp_ref.txt$C:\Users\tonyr\OneDrive - Ulster University\Phd - FPGA acceleration in genomics\2020-21 MainResearch\Seed_generation\rapid-SMEM\Rapid-SMEM\gnb_seed_generation_2\code_,p,_,1,1,1,1,0,profiling\5000bp_ref.txt$C:\,Users\tonyr\OneDrive - Ulste
32,r University\Phd - FPGA acceleration in genomics\2020-21 MainResearch\Seed_generation\rapid-SMEM\Rapid-SMEM\gnb_seed_generation_2\code_profiling\5000bp_ref.txt$C:\Users\tonyr\OneDrive - Ulste,r,e,1,1,1,1,0,r University\Phd - FPGA acce,leration in genomics\2020-21
14,r\OneDrive - Ulster University\Phd - FPGA acceleration in genomics\2020-21 MainResearch\Seed_generation\rapid-SMEM\Rapid-SMEM\gnb_seed_generation_2\code_profiling\5000bp_ref.txt$C:\Users\tony,r,y,1,1,1,1,0,r\OneDrive - Ulster Universi,ty\Phd - FPGA acceleration i
118,rapid-SMEM\Rapid-SMEM\gnb_seed_generation_2\code_profiling\5000bp_ref.txt$C:\Users\tonyr\OneDrive - Ulster University\Phd - FPGA acceleration in genomics\2020-21 MainResearch\Seed_generation\,r,\,1,1,1,1,0,rapid-SMEM\Rapid-SMEM\gnb_se,ed_generation_2\code_profili
62,ration in genomics\2020-21 MainResearch\Seed_generation\rapid-SMEM\Rapid-SMEM\gnb_seed_generation_2\code_profiling\5000bp_ref.txt$C:\Users\tonyr\OneDrive - Ulster University\Phd - FPGA accele,r,e,1,1,1,1,0,ration in genomics\2020-21 M,ainResearch\Seed_generation\
111,ration\rapid-SMEM\Rapid-SMEM\gnb_seed_generation_2\code_profiling\5000bp_ref.txt$C:\Users\tonyr\OneDrive - Ulster University\Phd - FPGA acceleration in genomics\2020-21 MainResearch\Seed_gene,r,e,1,1,1,1,0,ration\rapid-SMEM\Rapid-SMEM,\gnb_seed_generation_2\code_
153,ration_2\code_profiling\5000bp_ref.txt$C:\Users\tonyr\OneDrive - Ulster University\Phd - FPGA acceleration in genomics\2020-21 MainResearch\Seed_generation\rapid-SMEM\Rapid-SMEM\gnb_seed_gene,r,e,1,1,1,1,0,ration_2\code_profiling\5000,bp_ref.txt$C:\Users\tonyr\On
98,rch\Seed_generation\rapid-SMEM\Rapid-SMEM\gnb_seed_generation_2\code_profiling\5000bp_ref.txt$C:\Users\tonyr\OneDrive - Ulster University\Phd - FPGA acceleration in genomics\2020-21 MainResea,r,a,1,1,1,1,0,rch\Seed_generation\rapid-SM,EM\Rapid-SMEM\gnb_seed_gener
184,ref.txt$C:\Users\tonyr\OneDrive - Ulster University\Phd - FPGA acceleration in genomics\2020-21 MainResearch\Seed_generation\rapid-SMEM\Rapid-SMEM\gnb_seed_generation_2\code_profiling\5000bp_,r,_,1,1,1,1,0,ref.txt$C:\Users\tonyr\OneDr,ive - Ulster University\Phd 
20,rive - Ulster University\Phd - FPGA acceleration in genomics\2020-21 MainResearch\Seed_generation\rapid-SMEM\Rapid-SMEM\gnb_seed_generation_2\code_profiling\5000bp_ref.txt$C:\Users\tonyr\OneD,r,D,1,1,1,1,0,rive - Ulster University\Phd, - FPGA acceleration in geno
168,rofiling\5000bp_ref.txt$C:\Users\tonyr\OneDrive - Ulster University\Phd - FPGA acceleration in genomics\2020-21 MainResearch\Seed_generation\rapid-SMEM\Rapid-SMEM\gnb_seed_generation_2\code_p,r,p,1,1,1,1,0,rofiling\5000bp_ref.txt$C:\U,sers\tonyr\OneDrive - Ulster
7,rs\tonyr\OneDrive - Ulster University\Phd - FPGA acceleration in genomics\2020-21 MainResearch\Seed_generation\rapid-SMEM\Rapid-SMEM\gnb_seed_generation_2\code_profiling\5000bp_ref.txt$C:\Use,r,e,1,1,1,1,0,rs\tonyr\OneDrive - Ulster U,niversity\Phd - FPGA acceler
39,rsity\Phd - FPGA acceleration in genomics\2020-21 MainResearch\Seed_generation\rapid-SMEM\Rapid-SMEM\gnb_seed_generation_2\code_profiling\5000bp_ref.txt$C:\Users\tonyr\OneDrive - Ulster Unive,r,e,1,1,1,1,0,rsity\Phd - FPGA acceleratio,n in genomics\2020-21 MainRe
79,s\2020-21 MainResearch\Seed_generation\rapid-SMEM\Rapid-SMEM\gnb_seed_generation_2\code_profiling\5000bp_ref.txt$C:\Users\tonyr\OneDrive - Ulster University\Phd - FPGA acceleration in genomic,s,c,1,1,1,1,0,s\2020-21 MainResearch\Seed_,generation\rapid-SMEM\Rapid-
8,s\tonyr\OneDrive - Ulster University\Phd - FPGA acceleration in genomics\2020-21 MainResearch\Seed_generation\rapid-SMEM\Rapid-SMEM\gnb_seed_generation_2\code_profiling\5000bp_ref.txt$C:\User,s,r,1,1,1,1,0,s\tonyr\OneDrive - Ulster Un,iversity\Phd - FPGA accelera
95,search\Seed_generation\rapid-SMEM\Rapid-SMEM\gnb_seed_generation_2\code_profiling\5000bp_ref.txt$C:\Users\tonyr\OneDrive - Ulster University\Phd - FPGA acceleration in genomics\2020-21 MainRe,s,e,1,1,1,1,0,search\Seed_generation\rapid,-SMEM\Rapid-SMEM\gnb_seed_ge
144,seed_generation_2\code_profiling\5000bp_ref.txt$C:\Users\tonyr\OneDrive - Ulster University\Phd - FPGA acceleration in genomics\2020-21 MainResearch\Seed_generation\rapid-SMEM\Rapid-SMEM\gnb_,s,_,1,1,1,1,0,seed_generation_2\code_profi,ling\5000bp_ref.txt$C:\Users
5,sers\tonyr\OneDrive - Ulster University\Phd - FPGA acceleration in genomics\2020-21 MainResearch\Seed_generation\rapid-SMEM\Rapid-SMEM\gnb_seed_generation_2\code_profiling\5000bp_ref.txt$C:\U,s,U,1,1,1,1,0,sers\tonyr\OneDrive - Ulster, University\Phd - FPGA accel
40,sity\Phd - FPGA acceleration in genomics\2020-21 MainResearch\Seed_generation\rapid-SMEM\Rapid-SMEM\gnb_seed_generation_2\code_profiling\5000bp_ref.txt$C:\Users\tonyr\OneDrive - Ulster Univer,s,r,1,1,1,1,0,sity\Phd - FPGA acceleration, in genomics\2020-21 MainRes
29,ster University\Phd - FPGA acceleration in genomics\2020-21 MainResearch\Seed_generation\rapid-SMEM\Rapid-SMEM\gnb_seed_generation_2\code_profiling\5000bp_ref.txt$C:\Users\tonyr\OneDrive - Ul,s,l,1,1,1,1,0,ster University\Phd - FPGA a,cceleration in genomics\2020
190,t$C:\Users\tonyr\OneDrive - Ulster University\Phd - FPGA acceleration in genomics\2020-21 MainResearch\Seed_generation\rapid-SMEM\Rapid-SMEM\gnb_seed_generation_2\code_profiling\5000bp_ref.tx,t,x,1,1,1,1,0,t$C:\Users\tonyr\OneDrive - ,Ulster University\Phd - FPGA
30,ter University\Phd - FPGA acceleration in genomics\2020-21 MainResearch\Seed_generation\rapid-SMEM\Rapid-SMEM\gnb_seed_generation_2\code_profiling\5000bp_ref.txt$C:\Users\tonyr\OneDrive - Uls,t,s,1,1,1,1,0,ter University\Phd - FPGA ac,celeration in genomics\2020-
64,tion in genomics\2020-21 MainResearch\Seed_generation\rapid-SMEM\Rapid-SMEM\gnb_seed_generation_2\code_profiling\5000bp_ref.txt$C:\Users\tonyr\OneDrive - Ulster University\Phd - FPGA accelera,t,a,1,1,1,1,0,tion in genomics\2020-21 Mai,nResearch\Seed_generation\ra
113,tion\rapid-SMEM\Rapid-SMEM\gnb_seed_generation_2\code_profiling\5000bp_ref.txt$C:\Users\tonyr\OneDrive - Ulster University\Phd - FPGA acceleration in genomics\2020-21 MainResearch\Seed_genera,t,a,1,1,1,1,0,tion\rapid-SMEM\Rapid-SMEM\g,nb_seed_generation_2\code_pr
155,tion_2\code_profiling\5000bp_ref.txt$C:\Users\tonyr\OneDrive - Ulster University\Phd - FPGA acceleration in genomics\2020-21 MainResearch\Seed_generation\rapid-SMEM\Rapid-SMEM\gnb_seed_genera,t,a,1,1,1,1,0,tion_2\code_profiling\5000bp,_ref.txt$C:\Users\tonyr\OneD
10,tonyr\OneDrive - Ulster University\Phd - FPGA acceleration in genomics\2020-21 MainResearch\Seed_generation\rapid-SMEM\Rapid-SMEM\gnb_seed_generation_2\code_profiling\5000bp_ref.txt$C:\Users\,t,\,1,1,1,1,0,tonyr\OneDrive - Ulster Univ,ersity\Phd - FPGA accelerati
188,txt$C:\Users\tonyr\OneDrive - Ulster University\Phd - FPGA acceleration in genomics\2020-21 MainResearch\Seed_generation\rapid-SMEM\Rapid-SMEM\gnb_seed_generation_2\code_profiling\5000bp_ref.,t,.,1,1,1,1,0,txt$C:\Users\tonyr\OneDrive ,- Ulster University\Phd - FP
42,ty\Phd - FPGA acceleration in genomics\2020-21 MainResearch\Seed_generation\rapid-SMEM\Rapid-SMEM\gnb_seed_generation_2\code_profiling\5000bp_ref.txt$C:\Users\tonyr\OneDrive - Ulster Universi,t,i,1,1,1,1,0,ty\Phd - FPGA acceleration i,n genomics\2020-21 MainResea
22,ve - Ulster University\Phd - FPGA acceleration in genomics\2020-21 MainResearch\Seed_generation\rapid-SMEM\Rapid-SMEM\gnb_seed_generation_2\code_profiling\5000bp_ref.txt$C:\Users\tonyr\OneDri,v,i,1,1,1,1,0,ve - Ulster University\Phd -, FPGA acceleration in genomi
37,versity\Phd - FPGA acceleration in genomics\2020-21 MainResearch\Seed_generation\rapid-SMEM\Rapid-SMEM\gnb_seed_generation_2\code_profiling\5000bp_ref.txt$C:\Users\tonyr\OneDrive - Ulster Uni,v,i,1,1,1,1,0,versity\Phd - FPGA accelerat,ion in genomics\2020-21 Main
189,xt$C:\Users\tonyr\OneDrive - Ulster University\Phd - FPGA acceleration in genomics\2020-21 MainResearch\Seed_generation\rapid-SMEM\Rapid-SMEM\gnb_seed_generation_2\code_profiling\5000bp_ref.t,x,t,1,1,1,1,0,xt$C:\Users\tonyr\OneDrive -, Ulster University\Phd - FPG
43,y\Phd - FPGA acceleration in genomics\2020-21 MainResearch\Seed_generation\rapid-SMEM\Rapid-SMEM\gnb_seed_generation_2\code_profiling\5000bp_ref.txt$C:\Users\tonyr\OneDrive - Ulster Universit,y,t,1,1,1,1,0,y\Phd - FPGA acceleration in, genomics\2020-21 MainResear
13,yr\OneDrive - Ulster University\Phd - FPGA acceleration in genomics\2020-21 MainResearch\Seed_generation\rapid-SMEM\Rapid-SMEM\gnb_seed_generation_2\code_profiling\5000bp_ref.txt$C:\Users\ton,y,n,1,1,1,1,0,yr\OneDrive - Ulster Univers,ity\Phd - FPGA acceleration 
